<?xml version="1.0" encoding="UTF-8"?>
<metadata xml:lang="en"><Esri><CreaDate>20230713</CreaDate><CreaTime>10090500</CreaTime><ArcGISFormat>1.0</ArcGISFormat><SyncOnce>TRUE</SyncOnce><DataProperties><lineage><Process ToolSource="c:\program files (x86)\arcgis\desktop10.7\ArcToolbox\Toolboxes\Conversion Tools.tbx\RasterToPolygon" Date="20220802" Time="130012">RasterToPolygon New_Reg_2_2020.tif "C:\Users\Kim Chan-Bagot\Desktop\Mangrove shapefile\Region 2\R2_2020.shp" SIMPLIFY Value SINGLE_OUTER_PART #</Process></lineage><itemProps><itemLocation><linkage Sync="TRUE">file://\\DESKTOP-02FRLP6\F$\Restoration Impact\2015\Region 2\Reliance-Bushlot-Anna_Regina</linkage><protocol Sync="TRUE">Local Area Network</protocol></itemLocation></itemProps><copyHistory><copy source="F:\Restoration Impact\2015\Reliance-Bushlot-Anna_Regina" dest="\\DESKTOP-02FRLP6\F$\Restoration Impact\2015\Region 2\Reliance-Bushlot-Anna_Regina" date="20230713" time="10535600"></copy></copyHistory></DataProperties></Esri></metadata>
