<?xml version="1.0" encoding="UTF-8"?>
<metadata xml:lang="en"><Esri><CreaDate>20230713</CreaDate><CreaTime>10383100</CreaTime><ArcGISFormat>1.0</ArcGISFormat><SyncOnce>TRUE</SyncOnce><DataProperties><lineage><Process ToolSource="c:\program files (x86)\arcgis\desktop10.7\ArcToolbox\Toolboxes\Conversion Tools.tbx\RasterToPolygon" Date="20220802" Time="160648">RasterToPolygon New_REG4_2020.tif "C:\Users\Kim Chan-Bagot\Desktop\Mangrove shapefile\Region 4\R4_2020.shp" SIMPLIFY Value SINGLE_OUTER_PART #</Process></lineage><itemProps><itemLocation><linkage Sync="TRUE">file://\\DESKTOP-02FRLP6\F$\Restoration Impact\2020\Region 4\Mon_Repos-Lusignan</linkage><protocol Sync="TRUE">Local Area Network</protocol></itemLocation></itemProps><copyHistory><copy source="F:\Restoration Impact\2020\Mon_Repos-Lusignan" dest="\\DESKTOP-02FRLP6\F$\Restoration Impact\2020\Region 4\Mon_Repos-Lusignan" date="20230713" time="10545700"></copy></copyHistory></DataProperties></Esri></metadata>
