<?xml version="1.0" encoding="UTF-8"?>
<metadata xml:lang="en"><Esri><CreaDate>20230315</CreaDate><CreaTime>14520400</CreaTime><ArcGISFormat>1.0</ArcGISFormat><SyncOnce>TRUE</SyncOnce><DataProperties><lineage><Process ToolSource="c:\program files (x86)\arcgis\desktop10.7\ArcToolbox\Toolboxes\Conversion Tools.tbx\RasterToPolygon" Date="20230315" Time="145204">RasterToPolygon R5_2018_Extent.tif "C:\Users\Kim Chan-Bagot\Desktop\Mangrove shapefile\2018\R5_2018.shp" SIMPLIFY Value SINGLE_OUTER_PART #</Process></lineage></DataProperties></Esri></metadata>
